{
    "PlaceId": 2753915549,
    "Rejoin": {
        "AutoRejoin": true,
        "AutoRejoinMultiVip": false,
        "AutoRejoinVip": {
            "VipServers": ""
        }
    },
    "Delay": {
        "ProcessWait": 5,
        "LoopWait": 30,
        "Launch_Game_Wait": 17
    },
    "AccManager": {
        "Access_Descriptions": {
            "Enable": false,
            "Port": 7963
        },
        "Access_Nexus": {
            "Enable": false,
            "Port": 5242
        }
    },
    "Location_Scripts": "/storage/emulated/0/Cryptic/Autoexec",
    "Misc": {
        "Reload": 0,
        "Whitelist_Bypass": true
    },
    "Check_Online_Modes": {
        "RobloxAPI": true,
        "ExternalAPI": {
            "Enable": true,
            "Url": "https://api.zapzone.xyz"
        }
    },
    "Macro": {
        "Activate": true,
        "Enable": true,
        "List_Function": "5, 2, 4, 1"
    },
    "DevicesManger": {
        "ServerList": [
            "url-1",
            "url-2"
        ],
        "VipServerAutomatic": {
            "Enable": false,
            "PlaceId": 126884695634066
        },
        "Split": 5
    },
    "Settings": {
        "Emulator_Type": "MuMuPlayer",
        "Emulator_Location": ""
    }
}